schema,status,precision,M,N,K,max_abs_error,max_rel_error,tol_abs,tol_rel,parity,cpu_ms,gpu_dispatch_ms,device,adapter,note
xbox-gpu-training.benchmark.matmul.v1,blocked,fp32,2,2,3,0.000000e+00,0.000000e+00,1.000000e-04,1.000000e-03,pass,0.000,,cpu,portable-gemm,BLOCKED: no D3D12 device. CPU self-check only. Not a GPU result. Not a tok/s result. Not a console result.
xbox-gpu-training.benchmark.matmul.v1,blocked,fp16,2,2,3,0.000000e+00,0.000000e+00,5.000000e-02,5.000000e-02,pass,0.000,,cpu,portable-gemm,BLOCKED: no D3D12 device. CPU self-check only. Not a GPU result. Not a tok/s result. Not a console result.
xbox-gpu-training.benchmark.matmul.v1,blocked,fp32,7,5,9,0.000000e+00,0.000000e+00,1.000000e-04,1.000000e-03,pass,0.001,,cpu,portable-gemm,BLOCKED: no D3D12 device. CPU self-check only. Not a GPU result. Not a tok/s result. Not a console result.
xbox-gpu-training.benchmark.matmul.v1,blocked,fp16,7,5,9,0.000000e+00,0.000000e+00,5.000000e-02,5.000000e-02,pass,0.003,,cpu,portable-gemm,BLOCKED: no D3D12 device. CPU self-check only. Not a GPU result. Not a tok/s result. Not a console result.
xbox-gpu-training.benchmark.matmul.v1,blocked,fp32,8,8,8,0.000000e+00,0.000000e+00,1.000000e-04,1.000000e-03,pass,0.001,,cpu,portable-gemm,BLOCKED: no D3D12 device. CPU self-check only. Not a GPU result. Not a tok/s result. Not a console result.
xbox-gpu-training.benchmark.matmul.v1,blocked,fp16,8,8,8,0.000000e+00,0.000000e+00,5.000000e-02,5.000000e-02,pass,0.004,,cpu,portable-gemm,BLOCKED: no D3D12 device. CPU self-check only. Not a GPU result. Not a tok/s result. Not a console result.
xbox-gpu-training.benchmark.matmul.v1,blocked,fp32,16,16,16,0.000000e+00,0.000000e+00,1.000000e-04,1.000000e-03,pass,0.009,,cpu,portable-gemm,BLOCKED: no D3D12 device. CPU self-check only. Not a GPU result. Not a tok/s result. Not a console result.
xbox-gpu-training.benchmark.matmul.v1,blocked,fp16,16,16,16,0.000000e+00,0.000000e+00,5.000000e-02,5.000000e-02,pass,0.037,,cpu,portable-gemm,BLOCKED: no D3D12 device. CPU self-check only. Not a GPU result. Not a tok/s result. Not a console result.
xbox-gpu-training.benchmark.matmul.v1,blocked,fp32,32,32,32,0.000000e+00,0.000000e+00,1.000000e-04,1.000000e-03,pass,0.074,,cpu,portable-gemm,BLOCKED: no D3D12 device. CPU self-check only. Not a GPU result. Not a tok/s result. Not a console result.
xbox-gpu-training.benchmark.matmul.v1,blocked,fp16,32,32,32,0.000000e+00,0.000000e+00,5.000000e-02,5.000000e-02,pass,0.246,,cpu,portable-gemm,BLOCKED: no D3D12 device. CPU self-check only. Not a GPU result. Not a tok/s result. Not a console result.
